{
    "parent": "block/cube_all",
    "textures": {
        "all": "thaumcraft4rebone:block/elemental_ore"
    },
    "tintindex": 0,
    "elements": [
        {
            "from": [0, 0, 0],
            "to": [16, 16, 16],
            "faces": {
                "down": { "uv": [0, 0, 16, 16], "texture": "#all" },
                "up": { "uv": [0, 0, 16, 16], "texture": "#all" },
                "north": { "uv": [0, 0, 16, 16], "texture": "#all" },
                "south": { "uv": [0, 0, 16, 16], "texture": "#all" },
                "west": { "uv": [0, 0, 16, 16], "texture": "#all" },
                "east": { "uv": [0, 0, 16, 16], "texture": "#all" }
            }
        }
    ]
}
